<botcomponent schemaname="crc18_sprintify1.topic.OnError">
  <componenttype>9</componenttype>
  <description>Este tema del sistema se desencadena cuando el agente encuentra un error. Al utilizar el panel de chat de prueba, aparecerá la descripción completa del error.</description>
  <iscustomizable>0</iscustomizable>
  <name>Al producirse un error</name>
  <parentbotid>
    <schemaname>crc18_sprintify1</schemaname>
  </parentbotid>
  <statecode>0</statecode>
  <statuscode>1</statuscode>
</botcomponent>